{"agent0/value_loss": 0.04438573978841305, "_timestamp": 1681750547.327054, "agent0/policy_loss": -0.007355088391341269, "agent0/dist_entropy": 0.8472706735134125, "agent0/actor_grad_norm": 0.1703498363494873, "agent0/critic_grad_norm": 0.17989878356456757, "agent0/ratio": 1.0015579462051392, "agent0/individual_rewards": -1.9838256570351187, "agent0/average_episode_rewards": -161.23571395874023, "agent1/value_loss": 0.045806385949254035, "agent1/policy_loss": -0.00825057346628455, "agent1/dist_entropy": 1.0695448875427247, "agent1/actor_grad_norm": 0.21765752136707306, "agent1/critic_grad_norm": 0.1687120646238327, "agent1/ratio": 1.0015196800231934, "agent1/individual_rewards": -1.9838256570351187, "agent1/average_episode_rewards": -161.23571395874023, "agent2/value_loss": 0.04726118966937065, "agent2/policy_loss": -0.0025293904356658457, "agent2/dist_entropy": 0.5249542117118835, "agent2/actor_grad_norm": 0.0641184076666832, "agent2/critic_grad_norm": 0.16321015357971191, "agent2/ratio": 1.0004231929779053, "agent2/individual_rewards": -1.9525756570351187, "agent2/average_episode_rewards": -161.23571395874023, "_runtime": 841.144758939743, "_step": 1267200}