{"agent0/value_loss": 0.0485836248844862, "_timestamp": 1681750501.1818027, "agent0/policy_loss": -0.009084320469992236, "agent0/dist_entropy": 0.9653302550315856, "agent0/actor_grad_norm": 0.23235805332660675, "agent0/critic_grad_norm": 0.10049308836460114, "agent0/ratio": 1.001611590385437, "agent0/individual_rewards": -2.061692971021712, "agent0/average_episode_rewards": -166.21214151382446, "agent1/value_loss": 0.05343317687511444, "agent1/policy_loss": -0.009883640630869195, "agent1/dist_entropy": 1.0901456356048584, "agent1/actor_grad_norm": 0.19448444247245789, "agent1/critic_grad_norm": 0.1438779979944229, "agent1/ratio": 0.9986069798469543, "agent1/individual_rewards": -2.061692971021712, "agent1/average_episode_rewards": -166.21214151382446, "agent2/value_loss": 0.05268665738403797, "agent2/policy_loss": -0.0035497363714966923, "agent2/dist_entropy": 0.55120290517807, "agent2/actor_grad_norm": 0.06220318004488945, "agent2/critic_grad_norm": 0.11355551332235336, "agent2/ratio": 0.9996871948242188, "agent2/individual_rewards": -2.030442971021712, "agent2/average_episode_rewards": -166.21214151382446, "_runtime": 794.9995076656342, "_step": 1123200}