{"agent0/value_loss": 0.07750356048345566, "_timestamp": 1681750465.6592054, "agent0/policy_loss": -0.009663308947347104, "agent0/dist_entropy": 1.0144238948822022, "agent0/actor_grad_norm": 0.2047310322523117, "agent0/critic_grad_norm": 0.10658230632543564, "agent0/ratio": 1.0006657838821411, "agent0/individual_rewards": -2.1417709060139973, "agent0/average_episode_rewards": -169.42224502563477, "agent1/value_loss": 0.0802374929189682, "agent1/policy_loss": -0.008934883947949857, "agent1/dist_entropy": 1.1174562573432922, "agent1/actor_grad_norm": 0.20175190269947052, "agent1/critic_grad_norm": 0.10943428426980972, "agent1/ratio": 1.002203106880188, "agent1/individual_rewards": -2.1417709060139973, "agent1/average_episode_rewards": -169.42224502563477, "agent2/value_loss": 0.07823749780654907, "agent2/policy_loss": -0.0038228796533076093, "agent2/dist_entropy": 0.8205927312374115, "agent2/actor_grad_norm": 0.09438658505678177, "agent2/critic_grad_norm": 0.10889160633087158, "agent2/ratio": 0.9983758330345154, "agent2/individual_rewards": -2.1261459060139973, "agent2/average_episode_rewards": -169.42224502563477, "_runtime": 759.4769103527069, "_step": 1011200}