{"agent0/value_loss": 0.06394542902708053, "_timestamp": 1681782252.917345, "agent0/policy_loss": -0.008594026396167465, "agent0/dist_entropy": 0.29804297983646394, "agent0/actor_grad_norm": 0.43110886216163635, "agent0/critic_grad_norm": 0.07127880305051804, "agent0/ratio": 0.9991787075996399, "agent0/individual_rewards": -1.6591532403284228, "agent0/average_episode_rewards": -145.72601318359375, "agent1/value_loss": 0.061894618719816205, "agent1/policy_loss": -0.011214483741787263, "agent1/dist_entropy": 0.37210937440395353, "agent1/actor_grad_norm": 0.3194889724254608, "agent1/critic_grad_norm": 0.07405795902013779, "agent1/ratio": 0.9969525337219238, "agent1/individual_rewards": -1.6591532403284228, "agent1/average_episode_rewards": -145.72601318359375, "agent2/value_loss": 0.06082368530333042, "agent2/policy_loss": -0.007812867715955463, "agent2/dist_entropy": 0.42786234617233276, "agent2/actor_grad_norm": 0.2840731143951416, "agent2/critic_grad_norm": 0.06354808062314987, "agent2/ratio": 0.9997699856758118, "agent2/individual_rewards": -1.6825907403284228, "agent2/average_episode_rewards": -145.72601318359375, "_runtime": 32546.735049962997, "_step": 19987200, "_wandb": {"runtime": 32552}}