{"agent0/value_loss": 0.07887351661920547, "_timestamp": 1681750445.4403942, "agent0/policy_loss": -0.008776209145435133, "agent0/dist_entropy": 0.9773277223110199, "agent0/actor_grad_norm": 0.17012371122837067, "agent0/critic_grad_norm": 0.14650921523571014, "agent0/ratio": 1.003116488456726, "agent0/individual_rewards": -2.11460043232461, "agent0/average_episode_rewards": -169.8803424835205, "agent1/value_loss": 0.08460790142416955, "agent1/policy_loss": -0.009121929452521726, "agent1/dist_entropy": 1.1747989535331727, "agent1/actor_grad_norm": 0.1781056821346283, "agent1/critic_grad_norm": 0.18700693547725677, "agent1/ratio": 1.0003337860107422, "agent1/individual_rewards": -2.11460043232461, "agent1/average_episode_rewards": -169.8803424835205, "agent2/value_loss": 0.08366316929459572, "agent2/policy_loss": -0.003532298229401931, "agent2/dist_entropy": 0.9740468740463257, "agent2/actor_grad_norm": 0.11124970018863678, "agent2/critic_grad_norm": 0.17250750958919525, "agent2/ratio": 0.9986759424209595, "agent2/individual_rewards": -2.09116293232461, "agent2/average_episode_rewards": -169.8803424835205, "_runtime": 739.2580990791321, "_step": 947200}