{"agent0/value_loss": 0.048789480701088905, "_timestamp": 1681750496.2091072, "agent0/policy_loss": -0.007235034095356241, "agent0/dist_entropy": 0.9983409464359283, "agent0/actor_grad_norm": 0.18667374551296234, "agent0/critic_grad_norm": 0.1022549644112587, "agent0/ratio": 1.000452995300293, "agent0/individual_rewards": -2.0760683750912827, "agent0/average_episode_rewards": -164.26897048950195, "agent1/value_loss": 0.05199152529239655, "agent1/policy_loss": -0.008664521842729301, "agent1/dist_entropy": 1.0956648468971253, "agent1/actor_grad_norm": 0.21140892803668976, "agent1/critic_grad_norm": 0.080962173640728, "agent1/ratio": 0.999383270740509, "agent1/individual_rewards": -2.0760683750912827, "agent1/average_episode_rewards": -164.26897048950195, "agent2/value_loss": 0.049053698778152466, "agent2/policy_loss": -0.0014396075624972583, "agent2/dist_entropy": 0.5421792328357696, "agent2/actor_grad_norm": 0.05713818594813347, "agent2/critic_grad_norm": 0.08795865625143051, "agent2/ratio": 1.000828742980957, "agent2/individual_rewards": -2.0370058750912827, "agent2/average_episode_rewards": -164.26897048950195, "_runtime": 790.0268120765686, "_step": 1107200}