{"value_loss": 0.017979021929204465, "_timestamp": 1681749653.6649961, "policy_loss": -0.009085480110098843, "dist_entropy": 1.035390841960907, "actor_grad_norm": 0.22276388108730316, "critic_grad_norm": 0.09334000945091248, "ratio": 1.0003299713134766, "average_episode_rewards": -148.41870069503784, "agent0/individual_rewards": -1.8015046359663596, "agent1/individual_rewards": -1.7702546359663596, "agent2/individual_rewards": -1.8015046359663596, "_runtime": 74.33363819122314, "_step": 435200, "_wandb": {"runtime": 75}}